,A0,A1,A2,A3,A4,A5,A6,A7,A8,A9,A10,A11,A12,A13,A14
2020-01-01,101.76405234596766,100.40015720836722,100.97873798410575,102.24089319920147,101.86755799014998,99.02272212012359,100.95008841752559,99.8486427917023,99.89678114820644,100.41059850193837,100.14404357116086,101.45427350696296,100.76103772514699,100.12167501649283,100.44386323274543
2020-01-02,102.10361286314185,101.90021494663478,100.77157175848495,102.56097641368756,100.99751151762537,96.49468210903514,101.60991696753602,100.71177060406369,99.15538218201247,102.68967270440974,98.68758297630666,101.5006974782587,100.5724293354071,101.65631924021316,101.91974394598242
2020-01-03,102.26181978281681,102.28556336695698,99.87693610675026,100.52945221510927,100.64612890453846,96.64555054975278,102.86001430668281,101.92270863916093,98.77132679591818,102.37923899926751,97.65279139885556,100.05936936770566,98.85639195366963,103.63940570364952,101.40030774732602
2020-01-06,101.81383702998833,101.00413457509481,100.65346965268066,98.90700954964782,100.43201404788245,95.7801219616982,103.25798227133376,101.40208220708276,97.60520072308086,102.35038624836135,98.07106942687945,100.12592608094317,99.15540475844897,102.98199805551162,101.03248708868884
2020-01-07,101.1291792455986,100.6409710159434,99.83500970645113,97.19959505130572,100.61020669599536,95.39529569097908,101.57467235123599,101.8713530502708,96.71963033336736,102.40355256159694,98.7860963382974,100.25507141482517,100.28518211902842,101.71034975320607,101.43898285536395
2020-01-08,100.43663642123963,99.7645923094276,99.25711508744783,96.89676725170582,100.66671476290423,94.28379755512083,102.48968390381286,102.34572967827111,95.23378111898033,103.92757567911954,100.65897124619833,101.43685771571467,100.10474416975663,100.62128351687609,102.5086079618637
2020-01-09,100.03169905687392,100.98415965010132,99.46384282213592,97.84309890577674,101.02545710745862,94.94998157059771,102.50044534185947,104.173491866368,95.35464430355921,104.34535347903555,102.55453136487075,100.06973327451294,98.83292841230735,101.59670292699504,101.30605548960636
2020-01-10,101.97593635210829,100.56646999822777,98.72039554331799,99.7245649746467,102.52115394304879,96.72322845934279,103.42914515158787,103.27632299739646,97.17597994555375,104.0657044142806,103.3774867609872,101.0176457921017,98.67972739797104,102.22058732062149,102.24030669203239
2020-01-13,102.35979981217262,99.46084143200466,99.01481744855538,101.0472975400029,101.80907495833466,96.57849710104756,102.97906955294542,105.18617457869448,97.82928896380315,104.48973244438429,102.58156687305677,101.56238263009764,98.01429776667887,102.25312470423698,101.59021571140856
2020-01-14,103.05219557874277,100.03432350982955,98.80857081597222,101.4474516212245,100.69623914757051,95.13826293010723,103.43155103860052,105.36149205251346,98.45053570321132,106.97987404340195,103.55042872960614,100.63529862875949,99.10913343739544,100.90756825877433,101.12129091568664
2020-01-15,102.98187110615756,101.74825431083639,98.07268922022313,100.60905078453925,100.59710115812825,94.50704121354389,104.59684804739331,104.22366010215656,97.32084666788617,106.5114947109976,103.03471399170168,102.57708897325584,100.0500961718139,100.99591408743652,99.88211469970624
2020-01-16,103.85141189818353,100.73055265551842,96.55769066331659,101.80431628166244,100.91593623805952,95.37731764165297,104.93022712622715,105.11668032675725,96.68726304846184,105.40990720127145,103.73699295419627,101.7529747272165,99.36020095602231,100.53584487154379,99.89957325337218
2020-01-17,103.48378422331317,99.34555661891426,95.93622759685702,99.54079590435543,101.54689441051843,93.8493180226625,103.77139517982066,105.17151452636622,95.97219982873189,107.03639745439177,102.3958220728486,102.02470693081418,99.32116946889028,99.36149220470011,100.42232440417791
2020-01-20,103.30626158806812,100.11229623794966,96.72626641627325,101.69409818555859,102.90409703609966,93.50284338548998,103.52298806748014,106.32804317799523,96.60107084578618,107.72157117889645,100.74012663871991,101.99988827368853,98.58814853882531,99.63962946335751,100.32375950148669
2020-01-21,104.2465333917817,100.42987067726273,97.48685209580843,101.21977749136775,101.93222314445573,93.11943526305213,103.50536802646933,106.73118779908634,98.78358748586822,107.67605111119217,99.77710643462699,101.64698724902783,98.1310978507212,100.1193758197601,98.77797401030917
2020-01-22,104.31248182769004,100.58704999094282,97.71319807916352,100.61517549544084,101.68970423599208,91.7933577868057,102.99475546564753,106.15178529763006,99.19457664730187,106.43111952496498,100.55656329603546,103.16608576340568,96.0997988203299,100.54614340039237,99.44661005322504
2020-01-23,103.6475554462479,100.18744599246399,97.58335621717724,100.31555267952137,101.37546986171722,90.25489761634076,104.18159654294938,107.29781970748229,98.38776341378379,104.87038769589832,101.08052822833909,102.57206785265294,96.23621552470026,100.22507099217147,100.13432189836875
2020-01-24,104.3676459501311,99.46048851079306,96.23342324080404,98.72761927765833,101.99424482522616,89.18189391042539,103.65358717350024,106.65798774561526,98.33604362669709,102.83980355662969,101.27134663116033,103.1094337090941,96.32130959496,99.91348510588182,100.23185289438987
2020-01-27,104.78412122732573,96.70285421083624,98.11566461062192,99.11274912810924,101.32882561844556,88.83323428612636,104.16536823709689,106.53415362054781,96.33914886253892,104.96292395969226,101.15940061900608,104.16132801499897,95.65471811852416,101.44853296514589,100.51886047941277
2020-01-28,105.4220928889276,95.6920643720373,99.30398786099434,99.79644687496474,102.64797111422179,88.27528379274796,103.6643045678319,108.98861177454788,95.31793864112073,104.82022717874587,102.30947310710421,104.26311963917298,96.21234081765373,101.04329778501517,100.89083644101406
2020-01-29,104.04472493767241,97.27876384935004,99.18664625196381,99.11765319495794,103.33199982777597,87.86858209294137,102.28115480231486,107.52084306045431,95.97922890911047,104.65296193836402,102.17268374587145,105.3868089530018,95.12819533011141,100.30499688733912,100.5025279822385
2020-01-30,104.14289278925169,97.23773998283724,98.90209246730583,99.05657055145224,103.22111913986359,87.23627592004232,101.44961618515991,107.81600536261793,95.12413548221642,103.44175537947136,101.85360637176595,105.22064871589534,97.27497566668178,99.59814729757646,101.45052885629644
2020-01-31,104.92103633507621,96.08163677875716,99.66685584202276,97.88385898985416,100.47629179594679,87.76520649326956,99.66827192763097,108.30218488614048,94.47347602913973,105.15842385446415,102.9419217293906,104.74359323189712,96.60588179792734,98.38894869733619,101.0032105139885
2020-02-03,104.62688444410628,95.73123325207918,99.82303764755595,98.4501381569171,100.82761162843279,87.09455400054729,98.23525001177012,109.78000269110268,93.82212941904085,104.47248218586893,102.40539943545966,102.81309595930009,96.14413079655917,97.9170203845681,101.62979231200539
2020-02-04,105.35765839839442,95.73484317070603,100.7532370008662,98.78483415315459,100.81179972985103,87.23471367098789,98.04796107569427,109.34653688397096,93.570936113558,103.29402074854434,102.69258688397242,101.79203482820058,96.95330985991487,97.67275797578087,101.68009395906125
2020-02-05,105.87795326219415,96.3507192649285,99.17078307557465,98.58044469979923,101.6991239319623,85.75337592157578,98.42768168546338,106.88015551192605,92.61416688814298,103.33392379877743,100.99126328810057,100.78886339486148,95.52631710450198,99.28253681923026,101.84708089514764
2020-02-06,106.47858859743997,96.13617020395824,98.82028204269446,96.98691725616956,101.40232789074157,85.10037064256744,99.27211631476929,108.09976696155914,93.97242654733084,104.21489917024532,100.3866751144781,99.66416350605448,96.25868220652374,99.63627336692146,100.04587610862484
2020-02-07,106.8571005930744,96.91921836685015,98.87851247611906,96.80743940538824,100.58335352312422,83.86936425176565,100.06658902590281,107.7656149671164,93.75303226029918,106.02065280809457,101.07382301677583,100.03374314165261,96.39542902811577,101.1507396015572,101.76625429669961
2020-02-10,107.85034280506586,97.4835058899726,96.80740011703132,96.92721142254102,100.4524875854294,83.94816222794532,101.01026307842871,104.8131850197809,93.21928494714751,106.30680716716023,100.60196437579675,98.6163589198895,97.23307010940762,101.4307975820695,100.77799755005421
2020-02-11,108.18987423934551,98.28441644596984,96.81252379031112,97.70317656213705,100.531101878168,83.61637476041479,99.83912936462788,104.72311824600602,93.40040343469659,107.2378770121277,100.48616400135535,99.067445535876,96.29514823381014,100.63697058720382,100.66674942498537
2020-02-12,107.04887303046779,99.09059224629509,97.26089195056285,97.97586198959884,100.87180592955818,85.30629811885716,99.3710194414593,102.41770028547488,93.58655062264404,107.18361084910744,99.9661289675601,98.09774379806686,95.8722300327634,100.81946408887904,100.16058019688256
2020-02-13,109.63137750680143,98.13882276598319,96.4894989293786,95.7335667777279,101.1254828006218,83.5861762696579,98.83495787285086,102.13536486361328,92.92234070060368,109.04739737287174,100.96018654722873,99.39178731132702,95.02623543319082,101.95730657646153,100.65737762252272
2020-02-14,110.47708047450526,99.14910191364653,95.61263782689834,95.32735238469935,101.99778718169658,81.36644581355318,100.33065504574013,102.70030831556932,92.87987151056531,109.28785523248285,99.92036196388426,99.04397234668451,96.07179421886265,103.28073481821602,103.37132604866093
2020-02-17,110.39541066144814,98.49615256143369,95.12096516746124,94.35688001882035,101.9183770534212,81.67786158883001,100.29629954137982,103.82625990627609,92.66233217521905,108.90813386637592,99.33955639782347,97.4269462579984,94.56561163693529,102.06289184278614,104.7166295039103
2020-02-18,111.38373691619377,99.85043926593302,93.85375258353753,92.49934718225809,101.24565836430199,81.82146675015008,100.79646743328712,104.91433020067691,92.92575234808906,110.8060419148599,99.11842090185306,96.53736105894386,92.9757573485014,101.15558196705983,104.9701672720775
2020-02-19,110.39384708282208,100.7857807305635,95.17927513443067,90.3074947640072,102.12047380455273,79.98898985995716,101.20116429759616,106.19939494892594,92.98602037285251,109.38806899321929,98.53815073670621,96.28477545032365,92.80631388054456,100.95034048698952,104.85482313483332
2020-02-20,110.62951592156831,99.56771033794458,94.94892241467862,91.67859839093012,101.72767207597207,79.63396985240841,102.29231252238024,103.48155631764283,94.08453731972696,108.69684167444184,98.69968292053008,96.37751825158307,93.6809838014923,100.68020267953966,104.14388040076534
2020-02-21,112.06531643717408,97.21375659980791,94.96822950108958,90.44283925610873,100.95294119694857,81.23561339177931,102.24669482937934,103.68341747615916,92.40836214987624,107.90439315593581,98.89368445180622,96.71942491201216,94.25888919458704,100.68888926565687,104.69272303332538
2020-02-24,112.5738485735039,95.43499721024564,95.00337318000174,91.1373519963782,101.54844222550736,80.94003045561952,101.42296835275097,102.5239134549791,92.28725728427912,109.12703612394674,96.96347346256961,96.08118142597584,93.18452406108915,101.47925427500115,104.11240119123202
2020-02-25,112.04403364888285,95.22795139422897,95.42651179226786,90.7797390539395,98.45513140539754,81.37978726597758,101.86825875276568,102.29883140109462,91.2868296191038,109.51092333240683,97.33119340849001,95.62956827918627,92.98256387174273,100.53533839264904,103.92646779919428
2020-02-26,110.30687007177535,95.62535555828013,94.52533388300895,90.99588847022088,97.07088876867482,80.89959960902232,101.75570511971874,100.59995490047217,91.39194446186721,109.09571533550474,95.6353373277355,94.3832828597989,93.54522004042516,101.43568863321867,103.789379809149
2020-02-27,110.75335015788303,95.83940676159243,94.83691110742032,92.16608104304854,95.60803202979852,81.44685363301512,101.36698921335005,100.37435051375473,91.11571255607358,108.6864459050226,94.46266046342396,94.55632441482707,95.10830737719765,101.37874971737585,103.78794228188414
2020-02-28,109.99214344862915,95.72681985320945,95.27900894649085,91.82484309509321,95.17415891687702,81.77529991279573,100.43643541734954,100.62779236325228,91.8631546069011,110.16452564111121,94.37728321476992,95.84947409758693,96.0921171115726,100.36880179804122,102.523868962443
2020-03-02,109.65670740661417,96.71178707861147,95.2101346020906,91.27329023523512,96.65149330783282,82.00991691832374,98.10571324624627,100.94694409973606,92.34088032068301,110.41306634511459,94.80170927725695,95.7849907802383,94.82524260851945,99.99673063179148,101.55438706331871
2020-03-03,108.63389443520259,95.49025110617033,95.64095007625258,91.36264326816669,96.21833479231346,81.47739542327288,98.08273384200056,102.03635819865107,90.49016988546585,110.82918726812085,94.28436499815743,93.97984040237905,92.98022493946777,99.08397697990955,101.77730864724977
2020-03-04,109.06089400796644,94.59361524457964,96.61363861491515,92.66271860385359,96.5994427086944,80.99553593307908,99.18559491801224,102.8071364564953,91.27508832560002,110.10163391243948,91.61182328233252,95.96919722602131,91.48242657643871,99.04853655182141,104.20036719146574
2020-03-05,109.4214239737418,95.49154180150006,95.16211862280981,91.01548407587501,96.08485478034848,81.87899452617296,98.84216534346292,101.99019360955846,91.45578314435309,111.29286226585707,90.28808722062203,94.80744883248529,90.76093280475123,100.13275984250838,104.44505208374892
2020-03-06,111.75445659689267,96.38576826323043,95.12872130896622,92.1669007941481,96.28807137789669,81.30181201053955,99.51426720330564,101.28000870713059,91.19019820158442,112.77058963285947,90.19664210400774,94.04601097262886,90.33949558464033,101.15590695566922,103.86795068961494
2020-03-09,111.32211118426294,95.89391868574306,95.30368727989335,91.81160682913112,94.74569433970514,80.58051782900736,98.58600902409776,102.53924268796422,91.9312772713165,113.43284549768293,89.74082587124191,93.27879156953142,89.88100674329982,100.09186809784687,106.46174156096941
2020-03-10,108.8225717224186,96.4347685717474,94.07946157486788,91.71580739296822,93.80960503919967,79.63157831293448,97.46193499596559,104.33879219928994,91.80901931606432,112.56428771044824,90.23959368289458,93.2884452850946,90.52818033508771,98.26593553201938,106.78496356510676
2020-03-11,109.66343811571977,94.83241010511895,94.50112128525726,93.2714740173383,93.79566708636473,80.2856768249435,98.11548593234977,103.60058929976623,91.84552876510222,110.80041127570648,89.8323396559347,93.53630146625005,91.1827900540626,98.29012086714857,107.55379792901485
2020-03-12,108.45395324340103,94.73596812864736,94.51934051979902,94.99661503641205,93.5947880425053,79.88503793966079,98.13643478937637,102.64838235454758,92.02256455699124,110.3959285943898,88.223148208628,93.4815017731628,90.89324540139305,96.68561003048245,107.4815925960194
2020-03-13,110.0692186621371,95.22983028146726,95.09773006682983,93.72223855628386,94.04114006007622,80.00362694406753,98.65562092470074,103.08220379809903,90.77125946103098,110.35022378402476,87.5545306762051,93.43468240967586,90.07756857466978,97.95458001142204,106.55835539295934
2020-03-16,109.07976005429092,95.30085878983175,94.07343330125568,93.32423460291672,93.2606318904565,81.13261577760068,99.43086056931111,103.02296295195275,90.4161468155463,111.38852847733172,87.90930520701265,93.90003609222505,90.05397524411478,96.30088137809182,106.43851349156736
2020-03-17,108.49892132810439,95.91560200510811,95.02530821757227,92.71020682633147,93.69745091962487,82.54097981515707,98.76694806511705,104.75572856310913,89.64527154423992,111.41410301124542,87.89950717708142,93.91083356335325,89.29961286762962,95.73156683860832,105.7278019444848
2020-03-18,108.8536722172646,96.23215717201893,97.14051867955813,93.98125356963021,93.21974079805516,82.809130379157,99.75177106335359,104.78778572714856,89.58284116213346,111.47156477111105,88.66183905966604,93.11416868909785,89.00879129274514,96.18191985909799,106.05708808745946
2020-03-19,109.11446684936774,95.87628953243748,98.08524498947553,95.98668969787734,93.59860026782326,82.64916243250843,100.5056353861652,104.22284057496269,88.91124725143042,111.50813719545785,86.37188406570375,92.03967740089846,88.6990746506302,94.8802044721724,104.96189688325666
2020-03-20,108.63791122947697,94.30107537069462,97.6869484732809,95.47290158600188,93.62237918726674,83.6030858666415,100.67901204603054,104.2447920118879,88.99967344962356,111.76169864311247,85.49370773887532,91.93403856224359,88.9729341451116,93.57962459791283,105.87050261146953
2020-03-23,109.8126955658485,93.7056810239545,97.45119294929758,94.63446778427304,94.27715583557308,82.71587128643216,100.45502439008843,103.34941274044509,89.04502258977223,109.75643753174363,86.62774897866773,91.04723692023991,89.02622420207706,93.38074633043271,105.06364814722224
2020-03-24,108.83780026711038,94.58313965628871,96.93894992069397,94.8910882452942,93.52152736791255,82.18054952627529,100.92942037989066,104.31098445726315,88.88891205971655,108.19578893607513,88.35853335613758,90.26737244223324,87.65380714737428,95.80343937347087,104.63915707960953
2020-03-25,107.24688256342137,93.93672086720035,97.29524408338507,95.07167695335167,92.72497721360254,83.67847379720556,100.40299303407264,103.07522621207166,89.74286196983775,109.63377896834501,87.63620844479622,89.00241306201629,88.5570255190675,93.84203293705613,103.35563051466099
2020-03-26,108.28443839983008,93.88472449867167,97.03844559584459,95.40710561771579,92.58331716418185,82.59175256869253,101.68421087483273,104.44098744442647,89.92713328912812,109.68326109506327,89.68656691662612,88.75638115945621,88.3271518650231,94.1840695510178,104.87632459933256
2020-03-27,110.0091612662478,93.64196429579297,97.33764544420984,94.09231606879368,92.29447933471332,81.89774200439976,100.66042195267025,106.19724277153162,89.21465260673374,109.1001783989823,90.01468413461484,89.90828390019503,88.75210715335417,96.78294249076747,104.79801556809012
2020-03-30,110.29377305220243,93.9000421805241,98.73448872827197,94.56958894589577,92.18720573790871,81.12177023942182,100.90647976687693,107.68543234408506,88.84853191516059,109.6772568303048,90.23625328910384,90.6846596061865,88.03787125114263,99.05409653678329,103.45748011200568
2020-03-31,109.89059296262337,94.78091147212685,99.02746670902123,95.3545034448466,91.72986285860964,81.06108711324424,100.91882263097251,109.37529634459918,89.4619679672411,110.55102494469133,89.64256543378724,91.56328752895084,88.23646854568152,100.43010187881112,105.5411759962243
2020-04-01,109.55348623234092,94.39581366175123,98.17182484310636,95.21759391440096,91.37943143820246,81.35250528775644,100.77292750140792,108.97979605966432,90.41436678070781,109.51418873639976,90.03081451408987,91.19159393808526,88.87562573363593,101.82132146147225,105.22128253513652
2020-04-02,110.0366531576905,94.56458664212924,97.38701728527036,95.44686598762365,91.6436281120975,81.68838604379151,100.57299512495186,109.08244663644622,89.37676161182179,109.12200301188713,90.53135224302694,92.00545510142408,88.5002907911287,101.92794266999677,105.4612431686961
2020-04-03,110.25835494782794,95.07596694773837,95.61644570910907,95.39978770849025,91.86268717668705,80.871232326625,102.25657268845613,109.25867943791754,90.77408214381421,108.25936845619277,89.70996117410745,92.21177937789861,87.0146467085485,102.14705267397035,105.56377177936544
2020-04-06,111.3782107790325,95.74248878155447,95.21726870550843,94.35277822973165,93.43565676567971,80.23063914804966,101.18745510978073,108.07338003354774,91.78830578873666,107.69761037196453,89.03381319012931,92.3387456163864,86.83457449977504,101.45439814646122,106.3597136108025
2020-04-07,112.56474011328308,96.68585628701392,95.94750866812514,94.73266660421507,91.77634414949247,81.56988973898987,101.49303030644768,108.73063524074702,92.81171081515284,109.24129676577516,89.40632889390955,92.74092347646037,86.31424064814354,101.4879691543272,105.45123014002593
2020-04-08,111.75434092430736,95.82189622457487,95.79780763178616,95.72650055629487,94.68654887032085,81.72446438439349,100.12448500263524,110.10605965098928,92.5325481535393,108.51963937116852,89.5939476083236,91.59035676595579,86.5062580388794,101.39827863060287,105.55497085294887
2020-04-09,112.180590145377,95.88656858526778,95.81345915817535,95.99866489590508,95.07987738722801,80.88149086848189,98.69271361929374,110.03819242049681,91.20680149640317,108.614628207749,90.43500799229719,92.14641251223145,85.59952504206377,100.52598731261253,105.90150918919679
2020-04-10,111.7304118993378,95.58293868859876,96.38537590579836,95.0508828514908,94.69838391700945,80.2343722336472,97.66322081111932,109.09507907405273,91.82469307241217,108.67091273112115,89.63993900734506,91.93346067157641,84.19671377081255,99.78881737269921,108.1779410627679
2020-04-13,111.62958207439242,96.28227979223189,96.32225468924074,95.38182078340543,95.32647860913445,79.34809004103316,97.63300746586717,110.8175433063741,91.09422713393639,108.05535737199752,89.36412473398235,92.18078381208696,84.63867736199833,101.05355247428649,108.71828796737918
2020-04-14,111.56031242939963,97.49463461101557,97.00047030128297,93.95521442771505,97.73477648936539,80.75248885779502,97.46877486119433,111.23633399702729,92.30064150172575,107.86928519005147,90.01679721893174,93.19899290684475,83.77974213616501,100.44487473855679,109.7200274026665
2020-04-15,112.07439849982677,98.39528669204279,96.87187870359979,93.68367896205574,95.78141066507575,79.8270649910693,97.514649607033,112.15354121977835,92.79092254155658,107.73095148935418,89.7721571590251,93.40140213726241,83.84526726200566,101.85566872168401,109.88070225616393
2020-04-16,110.41430099739118,97.14314946675482,98.34312940630274,92.58649275522032,96.51365711008985,79.6128309133154,97.3491104015551,112.00310655396693,93.9242569132226,107.52320115259431,89.74224572006509,91.97161020672503,84.01856747395244,102.39656561836293,110.14347709960089
2020-04-17,111.95777838273875,97.19674465839182,98.63715319286953,94.11278480125678,95.01768173021497,79.24993544991187,98.73746325955976,113.05160028143256,94.5614203801057,108.41849388208726,90.03576228112176,93.47221663291796,84.33595531686167,102.64218129684785,110.3185597104343
2020-04-20,112.17370458267403,96.07216152630376,99.3973231542167,93.99002433530595,96.7488232192947,79.189982500803,99.15306729575047,113.33038799933,93.96988476241872,109.49415368881654,91.75100085184047,93.45840403814518,84.08254366251371,102.2777720630621,108.23093332521749
2020-04-21,111.97424499214745,96.31330084174326,100.44572429760285,94.89237344084331,96.34586525831806,78.97076641968336,100.26745387976688,113.13380069173856,93.49061059165606,111.01887997998523,92.70299608605467,93.47596654682758,83.58328048072705,100.2200656959634,108.8691750413835
2020-04-22,110.97054176298144,94.42292885706233,102.03760875511567,95.5072454568648,95.24847795929638,78.01174434014919,101.14074508301618,112.14051916429484,94.70238901699084,111.7032662043951,93.20043713751365,93.85425953553414,83.74330140007359,101.10251459823903,108.37482149668783
2020-04-23,111.06592313355756,95.13293884858787,102.6120700014981,94.3659464755797,94.77184536762789,78.20896076447973,100.72807596624493,114.13063048796394,94.33006354906206,111.52206290006588,93.91754942704284,94.16447859421974,83.62164377351928,100.33768061776762,108.70158681817898
2020-04-24,112.22000518731174,95.58871621515574,101.81355978172142,96.00487060188162,93.40089680656078,76.97115877185713,101.69562677699547,114.3883836500902,93.81172122113229,110.29691416227992,96.09718776320166,94.27473660346634,84.0683515736379,100.65663915136595,109.17422996784447
2020-04-27,112.82609921892907,96.288830923332,101.43153249840853,95.72488009026378,91.77476588994679,76.37054942822503,101.9713366346146,115.58376899809335,94.3736905116207,109.9211410201954,94.8833141181013,91.65638858458234,85.03659534074964,100.0635410566392,108.68462175064595
2020-04-28,112.97454899450732,94.93543358577293,101.07674307271506,97.6618461878412,92.23858356966451,76.64490998287063,100.35764586324763,118.17700862916458,93.03094644793858,112.03418232549357,92.87647887543685,92.94449579213303,86.4125336018731,99.23860809704465,109.1439016298432
2020-04-29,113.59306270167512,94.1628542646202,99.61202218848902,96.37493910299256,92.7376018887509,76.57967320593825,99.7913266306436,119.31950614514477,93.50360683264374,111.18780583723597,91.76084520037523,93.4308387768298,85.94799419287979,99.33705762178549,110.86433582992024
2020-04-30,114.1636727343915,93.35091904627063,99.77206004854058,95.456828109849,94.229306762027,76.14961803469811,99.99816485876582,119.6866911335,93.65251176447103,109.01013822777155,90.43359700690787,93.00820412015631,86.22253944644179,99.20019180429959,109.8032006408985
2020-05-01,112.62426200763844,92.97606138798086,99.3046518479297,95.94636552565795,93.9218191372987,76.60857761293492,99.40352600170853,119.38034386851501,93.32655758783042,108.15727891570315,90.99891429348214,92.25149309446522,85.77276688973835,99.12765697527236,108.37863625419413
2020-05-04,112.25830640882515,92.31471675028978,98.91919667845205,95.88886678516292,93.1705257109179,76.43998068834398,100.70438888522916,119.34954546095769,94.39539134926484,108.53203787577182,91.70339204330506,91.53704313237013,85.86274866789778,99.2604017178482,107.71468083305929
2020-05-05,111.33461326732028,90.93898247861554,100.39916598851252,94.95644067397663,94.42480696207029,76.0826289966806,99.83582027856532,120.09251922531917,93.79957524568788,109.1489979249669,91.3981923658164,91.97680951059995,85.0314375012076,100.08560411768947,108.24029905074227
2020-05-06,110.31072372812878,93.34244133087022,100.94144500233054,97.13138667896193,95.93585676079994,75.9389585314308,99.42422539057904,119.60799492790322,92.08301623851177,108.38950086498687,91.62373205110708,93.38033658958756,84.3743384605061,100.96841579382188,106.88448827200938
2020-05-07,109.66394986495544,92.91526842763928,101.3167564806729,97.57557788023851,96.85908755865442,76.52432409113766,99.66599350513906,120.0749026097353,93.54578321274884,107.83571052736067,92.33356705029323,91.6918857049993,84.72139900681248,100.48048638644984,106.88723646719384
2020-05-08,110.80454952328343,93.06824766521021,102.2135997861968,99.01361241520546,97.23596042664352,77.42045535066815,99.34052326233498,120.06504460159569,93.05689478645701,108.96041282718878,92.71591236809769,91.22679286194224,84.85243660650518,101.52705936958226,106.8452639967572
2020-05-11,109.7530887969427,93.19101562478598,100.18919239943847,99.77480000141303,96.82627850056595,77.0571128416313,100.2104439318202,118.42596118417086,94.86880432189488,108.43713911594108,92.23077548196372,92.15842344304626,85.45378181385449,104.01572082175245,106.61960040596917
2020-05-12,109.62093879189194,91.81242603875846,99.85646180982253,99.05499336910871,96.39175410263775,75.7130921138936,101.87454613955586,116.74833489393986,92.21038803238598,107.14844567262128,91.67384957975301,91.09901254172301,86.39232372520588,103.87234640656095,106.64666643594796
2020-05-13,110.29005597423193,92.07502107855183,100.83362448948017,97.95600045192269,95.8639918013634,76.2173164326455,99.2924802846477,115.14282991261709,92.67235491369121,106.63386629626646,92.53201540714528,91.83616780183844,85.35726344562259,104.29475066514138,107.92823713964962
2020-05-14,110.45266145833807,91.17502008679224,101.72034524130736,98.57843690402554,96.38416015837001,76.76298584452076,96.31905490080467,116.1571663502089,94.3479932424983,107.0994707835007,92.71035143188044,92.4757503905711,85.6459634542362,104.97452430691416,107.92982476428283
2020-05-15,109.60581554097179,90.25932865219436,100.70498116917972,97.22491301927099,95.35502598839115,78.11498631259641,97.04539271708632,115.43115224427693,93.97966556995765,107.2200193034285,92.10259333125127,92.53818711088319,86.31195001000314,104.93700354239768,108.29248596651833
2020-05-18,110.57746182238863,90.01370435616289,100.99177948840956,96.92412092368902,95.32782227714634,77.86132331047399,96.53214889074052,115.63166983776473,94.51210296306587,107.37688695867259,92.56193379349862,91.85531841933289,85.27298269265884,105.37463649788012,109.03740982552253
2020-05-19,110.63259272232875,91.2271212981697,101.90848065689244,99.52224064684111,95.13639589380718,77.0836064199634,95.8176789419087,114.9777752813578,94.96201023431742,105.05962011625725,93.78241011389736,91.63551177357247,85.06253446483906,104.23728256011657,108.91286124286232
2020-05-20,110.64724022056976,91.11587445115083,102.25401079314993,98.93542562711973,94.28414906550361,77.50627751796641,95.91221980602607,115.20448967190005,95.96768380406479,103.98531785135465,92.98034500081839,92.78757143472754,83.80115629772928,102.87238692126903,109.80361796421919
2020-05-21,110.91080215924222,91.21175763303603,102.16028537209803,98.96636030785461,94.19730194198007,78.55683070063627,95.53034709762572,115.01858011296574,97.68977475948903,104.01392390245033,95.05568154027371,92.69016331965261,84.94706586441929,101.16949499730094,109.97232514099639
2020-05-22,109.1534498203504,91.98199924849794,100.92121614987255,99.24719670748962,93.93148103994616,77.64698298528188,93.98336688520365,114.43078862795318,99.39019174458151,103.70865858079263,95.92755272836615,92.63729019245432,85.69181953431712,99.32121798182203,109.52892958525734
2020-05-25,110.18975870235566,91.83183408268907,100.83396442713475,98.81997532704952,95.0111101175107,77.87799390507605,94.02474050253275,115.16664101549281,99.97482962952127,103.92912975496952,97.41158218336648,92.58144145496718,85.93011224410094,98.68262967478671,109.69334918654164
2020-05-26,111.9393092941395,91.24111882909015,99.6909178405819,99.80497296015405,94.86976574479438,77.95276005397102,93.98232283580298,115.25776284725602,100.82514623132062,103.05703528611627,96.42599703991806,92.66010618101411,84.54969681582291,97.3276643385779,111.74097645064738
2020-05-27,112.78721411093211,91.23194319164213,100.92509831796895,98.76640317994399,94.57035380095496,78.43875935017343,94.81939677085292,115.84893933017639,98.26293848738189,102.05935855651612,96.88601470453247,92.33028114960405,86.69745494959446,98.2294618916444,112.3645825934448
2020-05-28,111.52743782623669,91.1997412902191,101.16853365600376,99.88027450707342,95.40364259693234,79.24902325857623,93.94334897076845,117.48490209438842,96.9064866663813,101.51240759246866,97.3033716896788,92.19188582153721,85.82524659792263,97.4224579187827,110.62489308609051
2020-05-29,112.12073551100676,92.34937681568263,101.06696702072671,99.48040501165222,93.99899289238547,79.97272686392459,96.02072231734934,115.37316290243807,95.8759511679626,100.82253633315119,96.75427133650902,92.40148034031338,87.21068025258172,98.40505818614398,111.20854712670962
2020-06-01,111.30906132344096,91.3154071192263,100.26169038467283,101.0204281355147,93.94095481083654,79.61537972725398,95.84427873786377,116.32455102430472,94.61724405508248,102.24904832290993,96.90566879873205,92.201575301741,87.59688936085237,98.61997195303434,110.82577124821063
2020-06-02,111.0277714465273,90.52200174724916,100.91979884701301,100.48300571159312,93.04263651834461,79.74743260064359,97.11818461371844,116.26831435774847,94.04187540469047,102.66202816042882,98.78245296313165,90.86289553171184,87.93168711400274,98.82222832531741,112.1130500443137
2020-06-03,112.12795581912877,90.35298892179445,99.219787421295,101.29346522855596,92.26555121938196,78.99243142951245,98.23344185068675,115.20928397734681,95.3611369072968,103.00681316289327,99.09768594659359,91.14208520822838,86.49099357781357,97.06676151092644,112.35471314737984
2020-06-04,112.76485085993157,90.42763045852674,98.40466261991565,101.31263208327238,92.18986195579413,78.23634897506022,99.22950159707867,113.21584531600352,95.92256835988383,103.40269245484049,100.09828702944041,90.22582300492375,86.57870162652583,99.17424101428995,113.09858481560802
2020-06-05,112.8782711099479,90.91518122305821,98.48946465091632,103.53228852674576,93.0966748068394,78.16936696069361,99.47988881881432,112.7734000612624,97.08308767444188,101.9487422624862,98.49197124974815,91.54196039311314,88.44284478739718,99.63867885212376,113.22608983169589
2020-06-08,113.62018351532824,90.32691133693713,98.65812150178598,103.57257160035485,93.67998528981173,76.95148937395572,98.97549119357902,113.72633033313461,96.42720032644067,100.93602283412098,100.5032483644548,91.57685435774002,87.93083311544112,97.95242330694064,114.05190018091957
2020-06-09,114.41454329620544,90.05705101741974,97.5706819008115,103.54714513097537,92.89695544875094,76.22653432602131,98.87333586584539,112.53062261526361,96.66503700862502,101.54970629224516,99.65939048072379,90.32385853952506,89.30367927406438,97.03140582518668,113.299222985645
2020-06-10,114.65826591546286,90.59682539901493,97.32059175981152,104.02428450223549,92.52445151629426,75.4862445858347,100.28358292612253,115.33088145728773,98.30444658536817,101.6937105178084,101.48658098716734,90.64514367988771,88.87744507392433,97.48394048269104,113.19227700932446
2020-06-11,113.53103965408044,89.78297421103568,98.10115325817364,102.10344282020387,93.08342572179727,74.25613312173334,98.15639118698942,113.21012346052566,100.23786302361901,101.4941529175611,101.57445129642717,91.93162945543776,89.7077201667889,96.12744631405153,114.17592507611647
2020-06-12,113.7401425587464,89.47620545278642,98.12498292507976,103.41017495489189,92.25873776956665,74.55381532527487,98.14691199212032,111.17555118064739,99.43370158823683,101.69025337673756,102.89221940486088,92.85216937592733,90.2434658890402,95.34374264058104,116.23247781272255
2020-06-15,113.98495737348382,88.57574777100331,97.94550744384476,104.33698701958316,92.26576557736462,75.21500678589487,99.23015352921306,111.62084337689764,98.5808561215219,101.82799756694605,102.93869155644954,94.57861278312035,88.77581660583147,95.21519786978791,115.5535714105386
2020-06-16,114.3669273718204,86.41665691244302,99.03752596125356,104.35133177702983,90.56373792612865,74.94339551709552,99.83442779577193,109.84445583640768,98.58403261007766,100.75119332659162,102.36636783938363,94.60390157453466,88.93867606651396,94.76697946868605,115.86879738131981
2020-06-17,115.30242322782726,86.17562852024723,100.45531525069033,105.87717173767166,90.1754893109676,74.46537614608908,98.17301021849947,109.70542644281261,98.2257409904107,101.53609672750099,100.82098208658579,94.34147849531377,89.8002645042156,94.07484210989054,114.98545823701578
2020-06-18,113.63406595919298,88.43392450289066,99.7044387132504,104.50040128893848,89.45061327580399,73.88879440192393,97.90854216377294,110.61090456976477,97.93271084711847,100.5990979537619,99.3577283593089,94.3620990502184,89.838464705212,95.51506430193014,115.09175968927549
2020-06-19,113.52155878944336,87.50479008225615,99.39939041551982,104.04219372074282,89.11949916051924,73.18001215706636,98.43561283037666,110.45334440493949,97.73649925287306,98.87478302250511,99.84820191085363,94.82165693450978,89.08460373280856,96.46077937840951,113.52103542676942
2020-06-22,113.49673172808016,87.2674706687976,98.09012670473994,104.2395644798964,90.63682115305362,73.22950689485167,97.97983452918146,110.9470975365177,97.83982627545295,98.90223276991226,99.42330566302968,96.16999772103465,89.49115322674712,95.95081954045536,113.39842835295504
2020-06-23,112.65587223234701,86.73663036781933,97.46163803005192,103.05716301475539,91.34132028456786,73.01637866643728,98.5227678135066,110.20361230314874,97.78076771580395,98.19899774378533,100.13882354798254,95.93109287943781,88.83708602604955,94.37559183799024,113.71102988740229
2020-06-24,111.85783487287193,86.72294400659017,96.982389812095,104.04052372661204,91.83834928563084,73.34291673765539,97.91574822972466,110.71748077495099,99.45754322780066,97.38179939888622,100.31140193451935,94.34898101192624,90.07952783495884,94.00005993995016,114.600908392489
2020-06-25,109.93026906170297,88.28182308278376,96.63628727565683,104.60822846370286,91.9768582367489,73.15554701165266,99.56640437647262,108.8928055332552,99.75463649531456,98.26860254065183,100.28145284034264,94.23748808102258,89.95099541764455,92.84608096891972,114.6446027210081
2020-06-26,110.49390081478268,88.34238373142439,96.3731697603713,104.09593579345497,91.71996993518677,74.07565667396932,97.48881695500184,108.93644046650812,99.42768576897,99.69920467059758,100.33710125023114,95.63684466510949,88.04053520483657,93.27278754178289,114.96567394203726
2020-06-29,112.0303560371572,86.89237724504754,96.22375683782406,104.16470184114921,91.26522645664988,74.97684460437357,97.15863969917378,111.15303835391053,100.47583046771568,100.6471783042504,100.89828563548082,94.61955976501076,87.66099568204365,93.80700870733428,115.74463195204305
2020-06-30,113.49479875286195,86.48620663956535,95.39608493628184,105.05958516206906,90.52631892857366,75.6316262626157,98.32428704815752,111.6600663127759,100.11654996576682,100.68852640564879,101.49708257419132,94.62919725797592,89.58804414056412,92.87768994117982,114.58409688589313
2020-07-01,112.38607329966071,85.97630132944751,93.31746957257329,104.39807703555451,89.93492433579483,75.69100769669916,98.73508649287793,110.2752399291211,101.01765322144271,102.5031775490852,101.28567927111325,96.1190121218595,89.76631493664692,94.72477820629413,115.86432605470736
2020-07-02,110.6284622904129,85.99231645377708,94.30133896022544,104.42996707876102,89.90175316023695,76.65210543158953,98.03421135216266,110.2945553136887,101.3445723740708,102.16103120835118,101.2652913715197,96.86395682618517,90.15485731912689,93.95872231781111,114.58504023975267
2020-07-03,109.75549068249484,85.99339002982948,94.1505135988404,103.56115414248508,89.36400541688873,75.48696331610253,98.44385093471757,110.25041683851991,100.06784627807406,102.19027021056645,102.62490146248118,96.14722568102744,91.34051780520774,93.65480580942419,114.81172172548901
2020-07-06,109.86277755533938,87.19860752731425,94.29967987930338,102.37858785358816,88.19246978403385,74.32980776283492,96.75852157832982,110.30128093332723,99.10882157643265,102.10768860493774,101.9025668203612,95.40613795991317,90.90131118101237,94.31374749432861,115.87848926697109
2020-07-07,110.27055803120267,86.33549604711781,94.90662211165896,103.08387053263182,88.43468793609244,73.88113785312474,97.4444036235215,110.76765523721961,96.01974173827139,102.76572368042125,99.95241391641679,96.03921643312492,90.76125735067616,95.43948740097323,115.7647415383795
2020-07-08,109.29288353905457,86.20827752985662,95.91244846710735,103.11092656220747,88.33357599425807,74.43048365092922,97.64938705380013,110.76108958876173,97.33142908794193,104.3638478695225,100.56544828481479,95.76458350471975,92.11987258981617,96.56865064183128,116.59697098398006
2020-07-09,107.96379837791427,86.32954835466687,95.19917427578316,102.94696755628235,88.54562686432787,74.505032782793,97.18538147552562,112.17102703102644,95.68056028672738,105.12589549911893,98.6974619059203,96.13097701684978,91.30285745444989,97.41681672921007,116.6977720083121
2020-07-10,108.23123159293144,85.45047241191605,94.57602891220958,103.16029157904809,89.06235251430142,76.68735689795871,97.40196718698371,113.26585834744098,94.19087717680834,103.72783477072159,98.34659758617359,94.97987807396207,92.65998244604631,97.0171947370753,118.31074747716931
2020-07-13,109.84039457574217,85.48702788465306,95.0506111924521,103.10241919877532,89.54189717362462,77.05801898887087,97.28153001894553,113.83781693134179,95.81444181872331,104.46743106736459,98.66701042113804,95.0983840129224,91.7216397073265,96.02054012531511,118.69331300657986
2020-07-14,108.33624996180357,84.83191719643926,96.2686955539688,105.07603632546846,88.05016849638065,78.31148291747161,97.07583961456507,113.82073546783664,95.70577709786548,105.5962477584174,97.08076400335531,95.53218823577612,90.85498926917637,96.56861435420065,120.5245090934441
2020-07-15,108.33579784601805,85.1493201291563,96.6629657084963,104.2358551692986,89.38116949101139,79.64784350741748,97.75710171532307,113.90414948553853,95.26371803251368,104.93469759019862,98.74165722854049,96.88340987683115,90.79714963036803,95.04289733393826,117.11124068976821
2020-07-16,107.16205892954429,85.03809775001643,98.0169132695426,103.55659574702341,89.83237944965992,80.68579904036969,97.88275509333319,113.74189545213433,94.01694124859699,103.67288376193748,99.15252090328457,96.68876380796667,90.90840457420175,94.99796322314724,117.88902802593941
2020-07-17,106.32117174329557,84.75272635429604,99.87549256001444,102.72836444885452,89.57943354022656,80.21024767044061,98.31811934499906,114.90478385863705,93.54853792385721,103.22562407355169,98.87590360877016,97.20105354344558,90.23623210119314,94.6408089129401,115.0924717279218
2020-07-20,104.85208425869598,84.65742720545452,100.77223882552096,103.03149097492516,88.59516298082531,79.08709869788046,98.48986152720663,113.00563340589873,94.54569687810515,103.29158131614182,97.28665127744156,96.26213621590772,89.58264085803653,93.90905326681037,113.37767100166951
2020-07-21,103.93498237416101,84.07803045627195,100.05546024514528,104.19364150314448,88.68803534358929,78.30156038200181,98.16029317086229,112.01168433691547,94.26205349166177,104.19590856498913,97.53207707205055,98.46230473862266,89.91940657374869,93.05110531179331,114.29573618341884
2020-07-22,105.05740869435117,84.99798451258064,98.96061242339516,104.03981270474038,89.69181713188428,76.98239131899606,97.67006421409863,110.4133474010305,93.38299364270894,103.14096963585651,98.75178380496664,98.23137318396283,89.14308235838482,92.08746273206776,114.45765571243894
2020-07-23,105.0457098928252,86.14042064140314,99.45543200783479,102.55017297813089,89.12767290583669,77.80615872763556,97.06345234443103,112.32854660245061,92.3573780928764,103.73156860044716,97.90131808357965,97.73079088719098,90.12239190184161,91.97044980584414,115.38871408253675
2020-07-24,105.54288135810943,86.7898037122949,98.57208058545702,102.32294804949744,89.50579939159206,77.14552774059425,98.64510134234632,111.45549763891107,92.08030265503182,102.68744909364611,95.8029912371193,99.48693357090188,89.9382367643178,91.55850051420626,115.1594193281865
2020-07-27,107.04144670573126,85.9521895815414,99.24194476973184,101.88931542009429,88.97174437260585,77.58298779123932,99.61995225782098,110.88272454829553,91.37234402184258,101.48693449325883,96.86018085405938,98.91462902148648,88.27516119273905,92.84943155008975,113.58189708012549
2020-07-28,107.87579253489112,86.10985051967192,99.52767764395446,101.2938994525953,89.297017472045,76.2890743205582,100.20575518237355,112.60917970383694,92.18010039392162,99.43736516973732,95.90687423447596,98.72887237109391,88.70500588358236,92.75040514886325,113.02169482257327
2020-07-29,108.51797745977684,87.11229986539037,99.29648081329556,102.03226093954444,86.99400207750024,75.57385708822751,99.8838352384037,112.05900929033513,92.48687412483423,100.44541200356336,96.39280466005405,98.11455617922442,87.3542343593073,93.26699162723398,110.9441563175639
2020-07-30,109.22664031178778,86.94813753587165,98.12891805010146,102.32535607016848,86.99150004069332,75.54619910238083,99.79970977966794,112.52912384997155,93.34185425509015,100.94423918575276,97.36842822861905,98.07124868997815,88.76802711040696,93.7996485772221,110.34095956338336
2020-07-31,108.03181549278005,87.12707402382678,96.8468426155658,101.32934564546458,87.1994854783138,75.0869632418943,98.86826288059495,112.49032938266141,93.40969315374727,100.73646159501031,97.00081672770544,98.90940748586455,89.0719931144307,93.59007566915373,113.06011603155513
2020-08-03,108.24121543718502,88.11335697459934,96.30355022635958,99.9482865021246,86.50907787043168,74.88572283434947,98.37727497031295,113.99363460098068,93.29756310993899,101.20132901350674,96.95572962672905,98.48058146422888,89.10583692091775,95.1942577367204,112.1918724626748
2020-08-04,109.0714152231578,87.20930754238904,95.86091364467501,99.95186785507806,86.79142195095329,75.99637442797082,98.32800503240699,113.03196650902927,93.90403642998712,100.83278432701803,97.18714508531056,98.36612492998019,87.37410342838172,95.67812937352836,112.84636395287579
2020-08-05,110.08207615747727,88.77947865008917,94.71527624843092,100.46812669324821,87.14665489851208,75.67788730755639,98.71847167256733,113.59672728799481,92.75964312231896,101.08105759285992,96.29498234597347,97.72491895089426,85.82343605796895,95.22522649482238,112.61664185204351
2020-08-06,110.68737001289159,88.78027760029602,93.25449376585419,101.33431069532209,87.04331062293109,76.04747585262498,99.67202904604406,115.21275972506722,94.57887027847255,101.00803789160264,96.59457957641335,96.67109144889558,86.73453780109045,94.0969147420202,110.58362802333063
2020-08-07,111.60650244315799,88.31711397721625,93.97964749955634,101.74783032835938,85.62450235223851,73.97922834477293,98.57902383416238,115.23176002233757,93.42332802378851,100.34869635950272,95.18532191142381,96.83531432676239,86.81331524910898,93.64393913499572,112.12855351937844
2020-08-10,113.27804980171496,88.8163416567562,92.28822888741529,100.62383207172651,85.97310567215355,73.5142262972054,98.09885385560102,116.26765597314834,93.90060428443601,101.66743320198563,94.7767776607371,98.16701818535368,86.3322555426837,95.04812203335572,112.24722437438832
2020-08-11,112.30328114183554,87.36755216566698,92.01000542744353,100.36600091198274,86.71046425245292,73.43292654470775,97.67464304091047,117.51990219689688,93.68949078481143,101.08158293839125,95.32137347669824,97.6861684286809,86.9010142911695,94.48076352851005,111.99695888001627
2020-08-12,112.47418087856357,87.04068715764457,91.99762872975772,101.18445751606717,87.06649897193543,73.78611678138589,97.0539886282158,118.52214690647894,94.31680033212125,102.09686575726629,94.628991588993,97.5177002334569,87.451561678286,93.90555035709735,111.74370859053624
2020-08-13,114.64021510708358,88.73951335439749,93.13834463325762,102.13415979450792,86.17907268033011,74.16431654804325,96.70545164887852,117.26750476688841,93.83672231165822,102.21495617264343,94.11103452862804,96.98057330060851,88.144214337797,94.0408743450526,112.00458330675515
2020-08-14,114.76846586353093,88.13989767324911,91.86181663686075,102.45135245211414,85.74211321261483,72.67303362127728,96.3258177090377,115.986688040462,94.49231279195534,102.74813517005256,94.57866580773737,96.33561212663056,88.78903473210512,94.34147579595395,111.5455274388118
2020-08-17,114.24817744748043,88.92672972571273,91.42675534646806,102.76245261605021,86.62864978281759,74.06061082949378,97.92855710179325,117.03152252978258,93.06934232725895,102.04015075840707,94.0602922583627,97.92818413720275,88.16811708260757,94.70579085513631,111.65804013653423
2020-08-18,113.17981165388255,89.26627333077487,91.79090453475041,101.47198754823634,87.68801200369855,72.51532875710498,97.35003714597289,118.16903416323066,91.95878510937617,102.39756263078348,92.84093188842917,97.83708728173936,86.12810689516,93.90782666150743,109.93524428779548
2020-08-19,112.7250962072502,88.89561173802551,91.17254209837921,102.28164592770229,86.9103249101974,72.97535633875928,98.93613771323817,118.33336492651301,91.17008200900352,101.11827044255763,92.18196078707301,98.52648919546384,86.26211424969298,94.78755068936051,110.78210942180817
2020-08-20,112.88382515005,89.31652202474166,92.86401722969168,103.72960241651174,86.64720736325323,73.69757843812343,99.51575587327632,119.67809117728949,91.78239538851473,100.13320918102752,90.68890379614687,99.09067849170071,87.90335293370622,94.05231767986774,110.5737396423908
2020-08-21,111.71463349781618,90.36851837372599,90.72334668425094,101.38151658618688,86.97215165083333,73.63689316444056,99.03845540448343,119.31774668414394,92.27525575934959,99.71885396707299,89.6941145638159,98.17174827419272,88.68423257881457,93.55878570938712,109.04198641359166
2020-08-24,111.82878164127584,90.8248746216641,91.92902435055126,101.6024303447435,86.39838658445252,73.9859378312584,99.75863816384121,119.27132574889214,92.23410155564495,99.97825551866917,89.63145739623974,98.41728946925676,87.7779565894259,92.48245010160278,108.13027395675394
2020-08-25,112.54695831476809,91.05992718772514,92.88530588130016,101.41274783064205,85.41029887013325,74.83274649831951,99.73991640481117,120.80211958603815,92.78561212976403,102.16639829371196,89.43447166618161,99.30375752224717,88.56037778775412,91.96905565613001,107.94376835473922
2020-08-26,110.90181627208244,89.64959455308421,93.00286969975231,102.2169580915276,85.95523710400501,75.08719624396709,100.60068899192325,120.0897521496812,92.53274095082558,102.91989746060821,89.82182911355154,99.09503213225554,89.73007828590845,90.78081430647659,107.38388703402704
2020-08-27,110.58752299293579,90.38161476218592,93.0050880022615,100.92749960138256,86.3970506154904,75.90380428010575,101.34443444600359,120.8332937604598,90.79838729827982,101.99373522148194,90.25484273406266,99.04064066793637,90.19896963127096,89.63121811241919,107.3178515658155
2020-08-28,109.0505985891125,88.61584853002783,93.28017760381962,101.77790340556798,86.60925596502466,75.87875869630632,99.76141984531125,122.04900606839051,90.75839524177528,103.9923657045723,91.10532703105861,97.0547515991844,90.88001666306596,88.3794865676132,106.50277732274778
2020-08-31,108.7771469321034,88.53249429149088,93.65102714303862,100.7368629901593,85.61265018168895,76.33449046804684,99.74820118988696,122.26182664118186,88.76744343509121,103.8081563491155,90.29382529586934,96.1612399596963,91.71787116676786,87.41113796097822,105.3388120837445
2020-09-01,108.41708304168026,88.93114622477896,92.82313826853378,101.98010097658428,86.85390307174431,75.66164234111258,99.50373654725443,121.30980378470382,87.27137282848449,104.12270653412814,90.95621616456783,98.09587358142481,90.89478627438893,88.57915625969144,106.7528315160779
2020-09-02,108.63158982861437,89.46665711820609,93.63373771761977,103.99329009718005,87.26889845758772,75.61614102927128,98.64186622743553,121.68018779352347,88.16517562534347,104.3774014628073,90.24682748835788,98.18325366041697,90.77739249254088,88.81365961760383,104.97876132856871
2020-09-03,109.22992025670915,89.99936231227029,94.05027061915912,103.9893770198306,85.69287777436759,75.6015298796435,99.68817529814098,120.63358136158449,86.41133270684105,102.76940708374053,90.53022571272435,98.54935545802739,91.5819463444571,88.7645820812284,103.40373518360539
2020-09-04,108.33586883664081,90.7363125259715,94.18240740031479,104.66513080862457,86.06546081400795,75.44657656688564,99.51471105693523,122.87387033913826,86.7696582670104,102.63725842069691,90.94251845846031,98.76902770654554,89.60619738802467,89.34162688358576,105.28665440843936
2020-09-07,107.49054586186304,92.05565094727757,93.94048133548569,104.97229303086064,86.9866710949848,74.90336013574415,100.75117528417654,121.38191457120537,86.01028948207028,102.02808543880157,91.54456281104184,98.43234936552567,88.24420607352059,89.14817289313739,104.46097395161328
2020-09-08,108.27661736675734,91.73968368361967,94.00696684304751,104.5466592949915,87.36414015803226,74.76584448500584,101.07881681123278,118.2340098790512,86.09393524288272,102.45039363178452,91.36213275600068,99.0912481015933,88.89598398225853,90.31085574833968,104.57046117821993
2020-09-09,106.20441870059952,89.64297371870919,92.50112475035246,104.50702872888658,87.22671174550283,74.9723775431727,100.44682563055152,117.36322683457475,86.57179785898852,103.1223907731626,91.12765171850454,99.05312110071654,89.25540319614225,90.76633274698116,103.3741952848597
2020-09-10,105.44019946980036,88.53987565041467,92.03223043019445,105.35597442647445,87.70320673222864,74.1491073945358,100.96138129640974,117.46397507301964,86.14419662855853,101.67201595155977,90.96833928529414,99.72662686051163,87.32472166854001,90.40678624722209,105.70454291793709
2020-09-11,106.1494289675657,88.76993101839012,91.35378247623774,104.64131341595679,87.63016013836393,75.33761646847061,101.43144657470404,116.43950315006487,87.15793030333373,101.37452952258465,92.5123871909899,99.16157277635082,86.44862263872791,90.56466323636045,106.74290716612276
2020-09-14,107.25067069514928,88.91124543984898,90.45111877725599,104.11251824733716,85.86153650508157,74.64969246660603,101.25043524584261,116.89245530988488,86.8620689424198,101.31676727367456,92.1458665783486,99.90630127993379,85.67135188749158,91.32318568425022,108.8360083514628
2020-09-15,107.7577407722101,88.44260172458985,89.96605643226108,105.37211024604667,84.8942295139241,73.93768040013966,100.07142611808528,115.39796909022353,85.95451987075842,102.11707342522662,93.16157439963028,99.20988135612032,85.84897776766196,92.0164717442937,108.9454584159442
2020-09-16,106.72871603093392,87.1421401742302,90.87509825491308,105.89494496338136,85.38403177426007,73.11871197458942,100.3065711460616,116.12382183973457,86.22444615329701,101.35627751988412,94.10461222783286,97.69431951277396,86.64629321620842,93.01122128162459,110.65844088819583
2020-09-17,106.36317851377339,86.27121546825484,91.5965378141873,105.15451132841666,85.42159691573065,72.886587690396,99.40173368226746,116.49657868795362,85.02418813887911,101.95651515405977,93.1946854765303,96.00251635805273,86.60287696054179,93.41268919958922,111.2968677182395
2020-09-18,107.23360555336723,84.24070128769003,90.67586031539886,105.26666102752189,86.71915377465443,73.45783230804687,101.29169865699981,115.88504222007454,85.25750896123274,100.83502325095013,92.81785069723433,95.29661396582806,86.05382454196995,93.04515779485754,111.29989225501681
2020-09-21,107.25742499441773,84.69851027636659,90.80279606254425,104.90449568162074,86.26597808563,73.23222000408789,100.83686130882734,116.45400423466053,85.99543417823102,102.11970635701653,92.0774401405051,95.74390980347195,84.85364937027121,93.39237880030618,112.50490533845911
2020-09-22,107.09697914686774,85.60701702908216,89.76894460122803,103.97226682899495,86.14882039653688,73.98080733986275,100.41593854687359,115.9258234873218,85.14267906600938,102.32688788385538,93.22536511259678,96.41476833513349,85.4447828738374,93.19908041466553,111.87115467705657
2020-09-23,107.8222890647452,85.57969890912987,89.61309832028192,104.90618796568687,85.97842884002846,73.36101369946788,101.32890870762037,116.01939868502531,84.25972449995595,101.18808591655728,93.31431318219714,98.6683764452908,85.10913816205364,92.88567627032286,113.57581511046719
2020-09-24,107.76052716392732,84.34010532876373,88.20366668888202,106.19303437973574,86.55135000595932,73.9670678936049,101.27038461730815,115.17627176230829,84.07674345693124,101.32573330166741,92.53204888492715,99.22234995559846,84.03710671846595,92.57659104149839,113.34411150641247
2020-09-25,107.01588057044236,82.47997978930849,88.59870415461532,105.39047971487628,87.69876814189101,73.71411363008626,100.72214767994116,115.2816833284525,84.96244129186061,100.75485635553514,93.47100646476083,100.6514530747122,84.8693453557142,94.08228587148444,114.80924965385206
2020-09-28,108.63704519685766,83.80322781331706,88.78305106160809,104.93811858806623,85.71480834141386,72.73907263533917,100.27062761694867,114.84161269402624,84.83262338559541,99.74654156112206,91.97941707040731,100.52038156542353,84.70858759954528,93.32252056954677,113.9571903257714
2020-09-29,107.615686855224,83.47092812097534,88.0227992854749,106.26020805751534,85.92137822839541,72.03181759869945,99.98942086633345,113.48615366929707,85.69127230346943,101.1272199476396,93.13100119585349,99.36973216474719,84.63127659619104,92.94776469328995,114.5976446705338
2020-09-30,106.53101779753888,82.9067550509001,87.65907408999539,106.42309270374363,86.51778318110642,71.795029066671,100.65331570010683,114.41909650685082,85.50856545424912,99.86752050782094,92.0402599105546,99.95772967510187,84.22824177627493,91.35591402037478,115.30007364742376
2020-10-01,106.66903354687949,81.7411133668409,88.69294272515003,107.31346659594941,86.63782249679176,70.88013110620386,99.2418235216828,114.0677515185496,84.04302099154506,100.2720641327166,90.74173446604064,100.12257269521012,83.98555371963876,92.00617195790723,114.21861937931301
2020-10-02,106.96101810522072,80.60095546352967,89.39853903345107,107.19009713929708,87.06741671921917,69.94414100908149,99.73712385776943,114.41703084778668,84.34868368786394,100.58554866061063,90.56618198323133,101.3653934094361,83.85462193305567,91.32609067233575,114.15154313203297
2020-10-05,105.94433443350042,80.22696991300839,89.24008314809151,106.78325270868056,87.24102659952464,71.30508710031707,100.3065728067025,115.6439254101753,83.92381140783229,99.99509510609057,90.2236805650616,102.22992779822889,82.05332530446104,90.38254167285852,114.26836108037146
2020-10-06,105.70692126669931,81.80561981307063,89.63959602206033,106.07614314612015,85.86470599722426,71.06225047077575,98.99935740563912,116.1836941841967,84.05901797387651,100.31511134095656,92.09959027748958,101.30222598062942,81.8954512539388,89.28663912480587,114.17626247691162
2020-10-07,107.39112175347472,82.2708666966869,89.53697029689658,106.34306280905727,84.82500836365318,70.78245443438361,99.08375690663557,116.299206321186,82.7723969898864,100.6437668979847,92.35672910316428,100.92026471558826,81.89887038827726,87.9620793751032,112.48668715103705
2020-10-08,107.5357639153588,81.72152504038539,89.5266238341857,107.23580290199617,84.67747228572495,68.79299459917235,98.93448362216795,115.73975594155141,82.57813484721338,101.54928987969856,90.89885025552297,101.16646638622741,83.1849315537955,87.41148679547166,113.01799314269792
2020-10-09,108.57488821653331,81.89332937853398,88.91327963770502,106.47494234940508,85.30730345479131,69.20035169121289,98.15639515686577,114.37810878397603,81.52046855167126,103.23668554500446,90.83708892228327,103.55422624497062,83.64706178345985,87.79567979265867,113.36413616252865
2020-10-12,109.65971404950075,81.10218807240108,90.83381813296177,106.36814616937367,84.70725180364312,69.40972496887693,99.22859562047462,113.2256865720947,81.98258312016115,102.49705234293135,90.37720478276357,103.04734651362368,84.28574178567365,86.82196184838479,113.58249375177924
2020-10-13,109.28312300175287,80.41508208050463,89.73152831063518,105.08865615809815,83.32330809701206,70.0317521533196,98.98880658092321,113.4053213091721,82.94849319521018,101.24646822194615,89.52626211966023,103.30982411534457,82.74830280444192,86.31951576401728,112.53197713481427
2020-10-14,109.64323541754737,80.07266190205632,91.53347134977913,106.07427359722861,82.61236156595707,69.76050976674331,98.6447368197281,117.1551525741076,81.69580534629087,101.45254498003533,87.66014794245005,103.30265705703663,84.32870482984386,85.96693901328437,113.77495406382678
2020-10-15,109.57074454470866,79.73435593299216,91.30312154856304,105.451720879631,82.09516004276986,68.83255936381701,100.131116433198,116.694643322883,81.93580663537148,100.56328110918903,88.63930351933675,103.0200666699248,84.25193816006733,84.3946237846523,114.22547581615454
2020-10-16,111.55562483295007,79.04140251723713,90.88474402738711,104.25133867650813,82.20119593642721,68.87662885784844,100.8371220118839,117.33818341134238,81.27006505888748,100.78949624811928,88.34829970489166,101.89608376924045,84.14505962842644,87.60302062064457,116.86999048880371
2020-10-19,111.71160926777245,80.4158196422209,90.84349747305176,104.19594124628992,80.59862461135636,68.21534051054945,100.04706390309566,117.46434428992008,81.28143029946581,100.2059831685844,87.82809325466555,101.72678023099616,82.9826699712458,87.06633073627489,116.42437705422397
2020-10-20,110.31638831570405,80.15025613358301,90.08512944854144,105.48315955763515,80.40212210411197,68.08604128752523,100.47529345685054,118.11858347119953,79.87018812747338,99.8284229476302,87.0297074954498,101.57910321572491,82.53760692523085,87.20308535429236,115.28288348530768
2020-10-21,109.69004800081927,79.67644014478331,91.06038328602887,105.87134144473195,80.69871645321328,67.89109850463919,100.08874706597865,118.78123213632543,80.49112607296131,99.84354374485072,88.02328036302548,102.8733784662529,81.163605000988,87.57838902053658,115.23377075372288
2020-10-22,110.11596218724284,80.56561051516637,90.22213770642364,104.1559355174156,81.59139877331897,67.21321631079579,99.40191855237283,119.02428335473768,79.93887499110144,98.25382422965828,88.05337531785328,102.06943879538338,81.64884963072203,87.13517532551228,114.44044830846649
2020-10-23,109.88471807300324,81.41328438733801,91.04126817720102,103.01727555975336,83.8757194057726,66.9942515650631,98.25639520808778,120.08149511542075,79.64975809753969,100.36993600929091,88.79954697758028,101.86660656348097,82.935069574544,87.87505335374264,113.03409513585298
2020-10-26,110.86092743568403,80.99279499739961,90.96540687038748,103.15228428283703,83.13837130121682,66.10098888451971,98.61776651936978,118.41448357452487,77.59861543479649,99.53073734921321,89.09355554793908,101.59168781095819,83.98596550174784,88.03652683589262,112.1679039548359
2020-10-27,110.37360103476776,79.82929999923387,91.95310673362862,101.72764799581022,82.37315938654076,65.99503810777077,98.62008725625093,116.63512790664403,76.89593219543967,99.79453421489679,90.1000662563251,101.94624642020598,83.96428892428206,86.6610364516127,111.47544398448281
2020-10-28,110.94919300809171,80.69221215914405,92.77091551171779,101.86810503225388,83.36542684890472,67.89665920348378,98.03442011711888,115.74506682266754,78.06358379644658,100.02951494124648,90.20125555800902,102.34625731917097,83.41475398409813,85.76427213269542,110.60911534779947
2020-10-29,112.33156032536024,79.53295502603223,93.23352199172767,101.29999938472338,83.07084103378448,68.40109809612048,98.86181975418205,116.14204524560772,76.60135945920777,101.60094331923304,91.38306926680035,102.43983949575328,83.42331051687894,87.30927193430871,111.6568317346371
2020-10-30,112.29865346473653,79.30044943844383,93.05308052677105,102.49253544858448,83.93477095602258,67.2974990393198,99.32117368505052,117.14565343327325,75.44738819432122,101.59793110380461,89.75915227708404,102.57249174905014,81.68540732955336,86.71404488111459,110.97453489470155
2020-11-02,111.50262466162917,80.45151767962959,93.55138960845974,102.08300719277601,83.15159420742671,67.13680854978476,98.29904660639059,118.28557436256291,76.9538959908412,102.66796041064342,90.0568747194303,102.40260217897273,81.35449460688912,88.22745172877808,110.33539303296153
2020-11-03,113.24329052612273,79.5411771862838,93.2742607793101,100.33324667794061,83.28399998427147,66.28838215569499,99.93577429879095,118.77323298703479,77.36744372449095,102.9581806089213,89.07296660695542,102.52970253539213,82.84904231602468,88.23499952199072,109.21326420968991
2020-11-04,111.14563674986229,78.97378850093847,91.63055480188945,101.16653171852528,83.93458733011583,65.70790683959906,100.54936127345972,118.0885591590136,77.33215311993479,103.34113927748648,88.67751825635544,102.95848518475923,81.45243277015972,88.33865357708038,109.17509196513295
2020-11-05,108.87116006817384,77.54460759560848,89.9266630053814,101.58567157307898,84.03863233138651,65.8879186291886,99.21569617117423,119.43355692122788,78.09220539696982,102.54855093925616,89.72041932271351,102.70013928604405,80.00567056711775,86.89635300363922,109.97613525776843
2020-11-06,108.75788092096137,78.22795002237079,89.84719200331595,101.85758684770518,85.82321489445465,66.80827341941973,98.78626358340374,119.881395406483,78.47832874794159,103.32934654850293,89.78412872048425,102.19328138816466,80.00277210789426,86.47900102155592,111.82743753586972
2020-11-09,110.10726848634901,78.0686661671638,90.23200057311686,101.68905403393876,86.84729279878569,67.50901238267129,99.3479729793693,120.92587917057497,78.99673367828939,104.54249699011828,90.26100039638901,102.34851352331276,79.54097560769779,85.11976668522287,111.79629540555382
2020-11-10,109.29131248055077,78.11551444531659,91.26108609456568,101.86479781153128,86.48687508235726,66.93307367367332,97.92716263992934,122.53758573998836,77.59320580577976,103.56525147305655,88.17308118984542,102.02494731990375,79.2687191295097,84.77563221766168,111.72571851608697
2020-11-11,108.39374110177525,77.40180764149017,92.92005422262162,101.52450526461769,87.27188066348923,66.37299709521443,99.50646199385285,124.39302796703163,77.7724606073224,102.426518813772,88.24979299231937,102.0732097111506,79.45866593693644,83.94633950579491,110.02413567093967
2020-11-12,108.56973247216011,77.39384197661778,92.92198233411422,102.56695947235038,85.98448036714314,67.04382480596854,98.76690256421766,123.90139927212687,77.13023167733442,102.51831331432261,86.5679126629978,101.49334638254275,79.04885266657027,85.00736264458699,110.18994000111371
2020-11-13,109.32485484224652,77.39843825323935,91.94732331624118,103.49745192183109,85.25753202235734,66.69101114252778,98.94675687532416,125.07293506291255,76.97490331253809,104.06687779174757,86.07319572776763,102.16887522303672,79.05171131098076,86.32214758301792,110.42619385848478
2020-11-16,107.2724853289718,78.24079270859204,91.87234164102038,102.92504693632512,86.30020159587414,66.47005806315718,99.54042429936518,124.11189549293312,76.33129295584524,105.9510936998538,85.39577149938191,101.57142133466779,77.70125449032807,87.72918326126735,110.86568825852015
2020-11-17,107.52755745138252,79.00374873103472,90.65104900648258,102.36817428208683,86.22129064947111,65.4407884566468,100.8458244253109,124.08902284941678,76.0845225598121,106.20137718964924,84.75309805150482,101.61724325384738,80.36449493948857,88.25966586772964,112.71527279707674
2020-11-18,107.14574524288356,78.4099810545313,90.9317985590587,100.99469542725113,84.23220188936556,65.91954836022303,101.49258716496212,125.12374068250811,76.10595547333439,108.30243624286548,84.67908470750129,101.05431955565767,77.94833743181071,88.21803743053528,113.65292611184505
2020-11-19,107.1530967251913,79.29148310352193,93.01857527832784,100.81962091227807,85.26931387345219,64.8741615050054,102.53929960590018,125.20318234654533,75.93746411924019,108.12547123170393,84.54672836114604,100.74226087685074,78.10319970896877,88.0642803304661,112.33933413972275
2020-11-20,107.5999828822592,78.80949559193296,93.99339749651506,100.78551669281369,85.37762632690409,63.54473948399495,101.25070860419005,126.37960946900284,75.38022230621307,107.54977050389627,84.31173921201267,102.11612599740559,78.3954134565789,89.21815542386047,112.03854804680242
2020-11-23,107.8293605055809,77.8612254940082,95.10066907799649,100.895018346285,85.41530270397581,63.75972121202976,102.71559583106364,126.10853139109244,76.63382476960766,106.63395991858113,84.66769039767684,104.16786215489819,78.01142117283749,89.43696817237173,113.02169197824155
2020-11-24,107.6806641421193,76.69303204644716,94.09644466233019,101.48115038838863,86.17679321319696,64.25995150594694,103.89316030490605,126.19931086324527,76.79340181276253,105.01433012135921,84.93636549373971,104.80607863087394,77.55644975331101,90.01294376684191,110.96934368172336
2020-11-25,108.48945317739324,76.9233291989921,96.08245225317626,102.91516584717144,87.47546056055543,64.78521048368414,104.56494970122759,124.70810028688086,76.53607380404377,106.93265678795987,83.69955233538236,104.33415589701916,76.45574218654212,91.31898820729062,110.34149985476256
2020-11-26,110.16511006512903,76.60504931384645,95.59806978796,104.2309662824195,88.296707937107,63.02546256803067,105.03668484122348,125.45655699930036,76.69665179152409,106.22940561189137,83.72333007637114,103.91884181090245,76.6173107757124,91.1341638142563,109.6552549969426
2020-11-27,110.34552795755468,77.2197580367067,95.87435384266342,103.6538994696451,88.59360916740023,63.69970417151737,106.7124444897146,126.97151089534286,77.10880440722129,105.1574191516461,82.58004385944429,103.70852959756274,75.53763129222347,90.41895681368491,109.46870694986104
2020-11-30,109.81122341126137,76.96654050706512,94.60113798724069,103.8938237921468,89.47645161548412,63.35054222608242,107.48691575851579,130.3524152347646,77.03801001957066,105.84221478926304,82.7425366861407,104.71411210977004,74.23940388522398,89.46326753013722,109.62575505686026
2020-12-01,110.78520785635988,77.0670003343039,93.02643274919409,103.0381404659744,88.76537678068695,63.596970732457635,106.66782358370503,129.46496673056694,77.87367796634787,107.25554311106819,82.40058262872095,105.15904517045189,72.84260152899724,89.64069739783294,110.93027747895985
2020-12-02,111.3688040634785,77.14488489556274,92.6648920548421,102.37169800042662,88.60641360896877,62.61030116584219,108.38566512556413,130.19542184844443,77.79390648020633,106.5907681335988,82.34262237189213,105.99799871415365,73.57936648607128,88.83062254580103,109.85033932396173
2020-12-03,113.68330391874694,78.02170814737869,93.32144129319741,102.22976348651936,89.42515489172087,61.81312603991091,110.04588251742824,130.1488480495433,78.40914853758366,107.27957662367542,82.23428343328048,105.81211388733239,74.4781996225228,89.74246658070824,107.90353742505839
2020-12-04,111.75932116115075,77.28345065653409,92.48757184889507,101.0862971324379,89.66849025593503,61.52649582555132,111.37317300170642,132.0397517249317,78.3866582552888,109.08558318364929,82.25419589771302,105.3520527130219,74.52645087476105,90.59040725223136,106.1614769251682
2020-12-07,111.52619197468594,77.5132960132748,92.8233800395299,100.71385847568261,90.10677705194968,61.706228020625396,110.71394615447767,134.92032913821697,78.73120697315096,108.72430989470503,81.78393300393115,106.43655613918908,74.6025124148113,92.89875292242795,105.69869343796915
2020-12-08,110.14035977501689,77.491826024888,92.98588357217211,98.58028510163378,89.82819526798113,61.47889274829957,110.3056734915657,134.07002648519997,77.67369527200407,109.54848153485261,81.30644499923305,105.34696356810676,74.03558235831802,92.45997052294022,105.81353202924876
2020-12-09,110.87647073911104,76.75318982658126,92.5402046521177,97.25387974728716,86.78095340581397,61.574673131882406,111.9823236086404,134.7699836412449,77.2798430668232,109.65417297057452,80.35124053997757,105.21813228224359,73.71892532201645,91.6715511953258,106.24276698136046
2020-12-10,113.75911169487954,78.03147544772096,92.47350813068726,98.11371555041266,87.52961914220244,61.17595370916171,112.70338235195707,132.82795882581652,76.65750973338065,109.91597545606186,80.01795350766685,107.06626630437648,74.19665376602278,91.32133092349548,105.74281007329576
2020-12-11,113.9718077979135,77.20782880938113,93.02429139874444,96.76435570728388,88.07493759394396,61.075261312117654,113.17066581053436,131.4829616098326,76.84530929234955,112.56753100753775,79.6520980192536,107.40609448408607,75.31373406294988,92.0169292862812,106.19949792052894
2020-12-14,112.81648780856757,76.22143056600977,93.07399654806635,96.31610851648493,88.05815208405485,61.200866663180896,112.40514792158807,132.1326229018395,78.27352254384449,111.43134077859649,79.2780944935187,107.35280961315006,76.17265682887667,90.92525699964874,105.068315981563
2020-12-15,110.37552144582486,75.88578018742604,93.70703539485532,97.34209150312873,88.37265499830298,60.833075783525956,113.19925838399425,132.40259441469667,76.77011861386521,110.06285824058033,80.47667249878693,107.69870582244039,75.12543941721538,91.67080147043052,106.1835478190252
2020-12-16,109.89535036734193,76.38486737742217,90.20229796624663,98.289791517954,89.4111710184983,60.14888452871436,113.51857696425512,131.9549140434528,76.69140660986325,109.59522267921975,79.40448543920999,109.73464614547883,74.8923170279097,91.76683125908642,105.1117304712084
2020-12-17,108.75588156778042,76.70003012957895,90.67711571885526,99.15270135366903,90.39806827952565,60.02244703790791,113.0143239671787,132.94037159465321,76.20254551846975,110.55062834402398,79.7018554652631,111.00211031635577,75.39438889685037,90.79919973915773,104.20184797099638
2020-12-18,109.55250240989518,78.16274253530126,89.47762822219369,99.17571628638507,90.65269663832292,59.106638038932104,113.55467369953647,132.81657380886605,74.60491534952551,112.34345881400975,79.01386249813478,109.57850446160894,75.7111521054182,91.30539328849085,104.96920226231705
2020-12-21,109.12962606720855,78.15421158947616,88.82371966361833,97.8763187237594,91.6309576719412,59.045898470659544,113.34764734168319,130.16121509190683,74.47184173816915,111.39697135565952,78.87589350633203,109.33825999888465,75.37312846815495,92.1626036037452,105.43847143969228
2020-12-22,110.359685574051,77.11880320356255,88.24729286988165,97.83689334163374,91.25835048955136,58.99910003453258,112.00776094942115,129.22902903035268,73.2493462748651,110.40550984669262,79.42343159705418,109.10404991828374,76.50806179121705,91.61374407984283,105.56401816729077
2020-12-23,109.02074411727496,79.12441022528016,88.08966502702053,98.64857740361785,91.63559884076562,58.654616788485114,110.51704822352588,129.4308112740918,72.84150142699347,110.23382452979713,79.9407180422133,109.18941418800847,76.79658616103254,91.75120736603112,104.01513081521215
2020-12-24,110.54274151136853,80.05479641995457,87.08882121275104,99.14704926840253,91.02894893633162,58.21651587325006,110.51169736233342,131.69283244320457,73.61213359923728,110.9009831799575,79.02091563515734,111.97860254407207,77.46758177632904,89.59612067419387,104.43064456755245
2020-12-25,110.0025249747715,80.38300696036724,87.4377341855079,98.23636470711504,92.69103354543553,58.332823519091015,111.55199691190288,133.4725604139264,73.06876004205995,109.88982296598209,79.90745709479496,113.53828243698393,76.40083878892618,91.3981165463152,104.18470693841566
2020-12-28,110.76350542351993,80.83667917377538,86.5884144698607,97.38755522609381,90.75973027126955,57.66132514203619,109.89826537395555,133.52620372436857,74.06936521504325,109.85999344972845,80.17822683905506,114.42161429742275,76.9201425031932,91.04547382217089,102.66012517528851
2020-12-29,110.28743777409547,80.88757342579994,85.83367070032001,97.74005991312454,90.49406556252107,58.01987567481742,109.01551912282959,132.29513530932633,75.3833974829378,109.89158505059709,80.62158344856138,113.16478182386143,76.62995014642246,91.66655826006334,104.26738837656532
2020-12-30,109.48842174804332,80.23811301507372,85.81421311671359,96.25011518044725,90.46679670840105,57.98232034653725,109.8056081713993,134.1665951825156,75.81296549005899,110.70648725445606,80.66373156677616,112.75767765876901,75.1004340666535,90.85419013654182,104.4939266745074
2020-12-31,107.6866871514808,80.43300322558066,85.4702399641985,95.26686264570017,90.04158076537271,58.40488478282152,110.77793805018146,131.56775951218452,75.69963722751555,111.71821685719911,80.45570394949635,112.88037523118999,73.97737400825311,90.41805944525674,106.40488593073374
2021-01-01,106.83804279261142,79.27425936650906,85.59799383491706,96.01816506921561,91.11650660247456,58.102509470193674,111.024391906636,132.2839550293399,76.1910872419289,111.10689170899799,81.83368884936701,112.10455177318192,74.50103924258983,90.39824773073349,105.78005668751935
2021-01-04,106.15123304673293,78.80943719555864,85.21548116820271,95.03984981255958,91.7519619607478,57.69374941731118,110.34156874926724,132.9304142712464,76.10882986364787,109.52705877674234,81.06771774872777,111.88420215534605,74.07266732823257,91.07667079393539,104.97147178793233
2021-01-05,105.1246157356918,78.01303141581914,85.56201609790303,95.49934061491766,90.21746123894519,58.05264792237759,111.29158016244433,130.68256394115613,75.58335058175038,111.09208262222532,81.88334144003345,111.91194122434216,74.44395612603081,93.00022795364316,105.49926517107073
2021-01-06,103.84124511125792,79.0778617063845,84.81682322410389,96.44851069650926,90.80953196811654,58.569034093525865,113.00650882002137,128.76686951148116,75.53075322030621,113.25398954346299,82.68283543765688,112.11020255870159,73.68226557001873,93.09947825536172,104.53723710187437
2021-01-07,102.31647458086297,79.5337287379559,84.87221336393915,95.70246911819973,91.16818257002971,58.2739106533534,115.01752641347368,128.7275023319328,76.72193982613354,112.33345873716986,83.1899699187458,114.17717833690533,73.8820115474714,94.15750506679213,102.72003299522319
2021-01-08,103.03998992178856,79.55789596132914,85.5214874744233,96.53284615551809,89.1112003433878,58.015405989219516,114.24688220973376,128.92337949317076,75.23312496085096,111.10845263315905,84.02346745062015,114.37914914049905,73.07816451834378,93.91908191157687,103.84817944249683
2021-01-11,101.14450049092258,79.38968780493471,85.32507605257898,96.71334270602999,89.5601242727735,59.123698947300426,114.87955995863,128.165978531596,76.17952001337243,110.15439946278252,84.38996697269839,116.17657520764443,73.86544645973025,94.68084988937039,101.5307682311102
2021-01-12,101.04234199931079,78.92337257335726,86.4555209128147,97.52636194964471,89.79397129346519,59.59340223575401,114.13328339750626,128.9789154810034,76.25189258564569,108.30027311279866,84.68030739492315,116.99812718893997,74.74696747115992,95.18018582948797,102.55288245888127
2021-01-13,99.29195789187968,78.62866310083668,86.33231280666412,97.2047762174851,89.71401683824541,59.24931216674896,114.97349323020758,127.70046931439607,76.34734059610084,108.37949770095499,84.80219388745148,115.88930748628749,75.79284940781122,94.96496084653916,101.07729603845124
2021-01-14,100.08758536155437,78.62604362943706,86.24862091786765,97.11158458900657,90.06877922265049,59.21776603051152,114.08417374009264,125.888162760374,76.5790180766243,106.73407289980845,85.7517306035898,114.78388462332853,75.14890273159499,94.03250018748443,99.69953398857547
2021-01-15,99.31431011865004,78.40304015760168,84.24109453060939,94.73698542590537,89.42400842172708,59.740893905798075,112.6005776747036,125.79206088995932,77.67452443902366,105.32154501782796,85.37583260489426,113.93086533674541,75.81920658218795,94.46869134631763,100.31533897439995
2021-01-18,101.79360950221425,79.68059827089886,84.15765818983083,94.54562433669095,88.12841023702687,58.71683659850835,112.54468097924091,124.15752455745981,78.16026629485026,104.48769403179415,84.8781398282204,112.16188296040146,77.4191082419168,95.18554769082893,99.60317004658923
2021-01-19,101.9474675218913,80.73484534076852,83.3768223352634,96.34822996485059,87.21877091171515,58.61269554618713,110.68726787890948,121.00577198273467,78.9497559387368,104.57724217147594,83.40647088092209,110.32175375685667,78.30583682367832,95.04220291198597,101.02893289811526
2021-01-20,102.59645161068767,80.6811059287415,83.40377804588958,95.8134263307271,87.30405875430709,58.57695060435278,111.61429220190597,120.80802623654843,79.59995098958723,105.54001403170842,83.55723859207845,108.87326406451659,78.18017419609701,93.23062757929388,99.80989594994492
2021-01-21,103.34583490242406,81.08039090441324,83.4011017200419,95.52365476064767,86.65853171778903,58.276560923834786,112.69165085087951,121.38389303884387,78.50846333276772,105.74988334965352,83.67418766762124,110.66822868874915,76.80611717676379,92.5005109952353,100.78167088401433
2021-01-22,102.19773271990516,83.01466224941673,82.41784925012769,95.55147329810569,87.14342741577558,58.789999070961876,113.49763109937552,120.82300533644246,79.2254081199451,104.95183922411219,83.22654988929065,111.17358681197196,77.9655646239393,92.28945143468664,99.88436981113244
2021-01-25,103.43409218026163,81.96469277430694,83.93283889870567,94.61116779081226,87.70197186030384,59.33480083383843,114.3886261545142,121.09727674543207,79.2646481095525,103.21679588220445,82.57670064396463,111.97920030254755,78.48276414023367,91.33159647119511,100.2309476185315
2021-01-26,103.69477814532276,83.39982802425119,83.58166292735389,94.11932475858308,86.89209416807648,58.7418809434023,114.81752443409279,120.24433880700967,80.11650834079234,102.56931789051642,83.84342366056873,112.44696592979003,78.68555075231805,90.28089169849868,100.5608218861058
2021-01-27,103.74198205788609,83.92698382843821,83.15468826045006,92.75117813451455,87.13123997895045,58.823994601432425,115.09755560474035,121.45357619559138,79.36370107484515,100.12637302042616,84.24170256264857,112.90340224308754,78.31017637068531,90.43490927609216,99.50716489228122
2021-01-28,101.55697132411296,82.50617431092184,83.18991353425838,94.03365833442436,86.7918477772742,59.30278539376827,114.41349403339566,121.38624351969692,79.99588114660789,100.25972120897883,83.78538349929022,111.92644643497891,78.23771743286505,91.5039422312362,97.9442510358574
2021-01-29,102.4296816191759,82.74020059322726,82.38370987737378,94.0163808447594,86.61476164293529,58.740748959090126,113.79630747616918,119.86128355745672,78.33874759969893,100.41135043974307,84.66051299062491,113.75459599718,77.36820022498408,93.46886601143073,99.43918073417589
2021-02-01,103.8877425644858,82.0901386440238,81.92050612978585,92.1940073526144,86.78033376018446,58.50954365365333,113.98041930501223,118.86101952881805,78.86586589740982,100.75595025515692,83.69189252211714,113.70239635015223,77.58845549971632,95.34613355852403,99.5344244238314
2021-02-02,102.91077288646882,81.83051786634414,81.8949277085119,92.07084050238576,85.18229830532236,58.31553952540236,113.19018291983993,118.55137116709338,80.53858126374679,99.91736794480556,84.89533256180009,115.02204699274546,78.11877090083371,95.34909922217855,100.18577114878255
2021-02-03,102.44775696534201,81.3833475291815,81.28246693275165,92.32302399932021,85.00361090242686,58.17582420154298,114.79774251083204,117.71588214309558,81.13083371755165,99.3958716071801,83.54363329964573,113.38188959853721,77.73477622898575,95.94942810621203,100.82874979706969
2021-02-04,102.20117837612364,81.88663981769498,81.34445546998087,92.08160822913418,85.73016334244042,58.86689126871715,115.964119020827,117.35464393000916,81.5914196491111,97.27948931330327,83.7065992942629,113.79120090230327,77.85291380981761,95.73615869298408,102.14433628845524
2021-02-05,102.10588834727552,81.7723768910544,81.14846678550049,93.03382909319332,85.47943722925484,58.375735733463266,115.83799813619262,119.35872532990763,81.3460855793013,97.87850881442361,83.47380225252789,113.4762873783898,77.4162824507019,94.57171590853993,102.03220057274906
2021-02-08,102.83947397581971,83.06126734175405,81.50703710690307,92.27387195366762,86.11669036577642,58.640778604147656,117.45783406325067,121.85285773454602,82.33412144331052,97.49408294622975,83.34088729809174,114.79027530121012,77.02324529860242,94.43885828565661,102.67943187947954
2021-02-09,103.94047961071107,83.24641985171101,79.1494299022617,92.58701806937187,85.84796392644338,58.06849093287031,117.4861768337321,123.21817532104036,81.4038469531011,99.0441637862438,84.15656964828739,115.86260429824493,76.39573029961501,94.20158778701227,102.28633920819081
2021-02-10,103.9408340040226,83.19463658218574,78.89825007229224,92.42228044526819,85.66629219307752,58.223814775637365,115.5455201505581,123.81772828397284,82.78549140883105,100.10641328203637,83.36053499010261,117.07291435922417,78.14490821875145,93.97309593928436,103.0238563650038
2021-02-11,106.33082916868642,84.05178728528446,80.12174149015155,91.41004801084766,85.86813984573183,58.45203413993531,116.19752864924224,124.79527859256298,82.91478169744177,98.79262258435217,84.24938537938776,117.51645718732735,77.2238793352997,94.68634781016576,103.59355769877354
2021-02-12,106.90186245615119,83.81069716623347,81.43125575587472,91.93220654850332,85.1898209886519,57.55026074189411,115.30590761630867,121.83810060209221,82.69873907155889,98.92002263663943,83.23193383070104,116.87547120342217,78.42338445478363,94.78793805741861,105.18407469893762
2021-02-15,106.7041459466739,83.66253434172515,79.64037556950248,92.60265778591685,86.12738458322524,57.353227039959656,114.94810851292007,122.82868868224412,82.08983066239483,98.14614724318471,83.4958607665404,116.16691208378779,78.90259672845667,93.91559564416745,106.77183768802357
2021-02-16,107.40461991440846,83.71762710705424,78.94461285265267,91.62314956180074,85.35461779518613,56.53181223013183,116.4889078093691,123.24885472139403,82.96870764587105,99.85297257346964,84.58682271265316,116.68921802667789,78.57826725283101,94.61930478441062,106.99727336416565
2021-02-17,107.12466854744065,83.2863152559975,79.7965963586164,92.97684750053583,85.11979979547377,56.2847638504797,117.30219811268267,122.46600708473754,83.46957039139875,101.58734841644723,84.23338983896144,116.71782232565026,80.14173359679194,94.26621552099073,107.14817882136454
2021-02-18,106.11575184215043,82.70095021845046,78.69633138572141,95.69665234532727,85.60647394571882,56.258942905945474,116.06223846332,120.2313783486621,83.67134830210806,101.43989253222998,84.65623527647148,117.52589347229355,80.95298836482512,94.2264567530168,107.81465170643607
2021-02-19,105.68329181568058,81.9967959561953,78.43019355985467,96.43252873056545,86.12567521430987,56.251846885401044,116.43645529591052,122.16410778593169,82.1632474623957,100.16675300685729,84.64520138643917,118.3489946903098,80.77871824831495,95.07740500538546,104.57219375917546
2021-02-22,103.22037730310612,81.53121545296416,80.5221794370313,96.43246281645209,84.19521215620355,56.04932351135105,117.15544328327722,123.33959817285556,82.54986572873226,99.93055559087078,85.21976395151431,119.71429003325382,80.33061219806147,94.9598886088538,104.42987340234471
2021-02-23,101.45990999617558,80.5062894588655,78.6551720638501,96.51379195478965,83.94458552990488,55.859297878045425,117.11513741840032,123.98006270350959,81.99464928469192,101.10335180924127,83.86286974057033,119.69794998942196,80.25161066371271,95.766930932502,103.91296045213065
